Datum;Morgen Kommen;Morgen Gehen;Mittag Kommen;Abend Gehen;Arbeitszeit;Sollzeit;Differenz;Feiertag
Mi 01.01.2025;;;;;00:00;08:24;08:24 Fehl;
Do 02.01.2025;;;;;00:00;00:00;00:00 ;Berchtoldstag (bezahlt)
Fr 03.01.2025;;;;;00:00;08:24;08:24 Fehl;
Sa 04.01.2025;;;;;00:00;00:00;00:00 ;
So 05.01.2025;;;;;00:00;00:00;00:00 ;
Mo 06.01.2025;;;;;00:00;08:24;08:24 Fehl;
Di 07.01.2025;;;;;00:00;08:24;08:24 Fehl;
Mi 08.01.2025;;;;;00:00;08:24;08:24 Fehl;
Do 09.01.2025;;;;;00:00;08:24;08:24 Fehl;
Fr 10.01.2025;;;;;00:00;08:24;08:24 Fehl;
Sa 11.01.2025;;;;;00:00;00:00;00:00 ;
So 12.01.2025;;;;;00:00;00:00;00:00 ;
Mo 13.01.2025;;;;;00:00;08:24;08:24 Fehl;
Di 14.01.2025;;;;;00:00;08:24;08:24 Fehl;
Mi 15.01.2025;;;;;00:00;08:24;08:24 Fehl;
Do 16.01.2025;;;;;00:00;08:24;08:24 Fehl;
Fr 17.01.2025;;;;;00:00;08:24;08:24 Fehl;
Sa 18.01.2025;;;;;00:00;00:00;00:00 ;
So 19.01.2025;;;;;00:00;00:00;00:00 ;
Mo 20.01.2025;;;;;00:00;08:24;08:24 Fehl;
Di 21.01.2025;;;;;00:00;08:24;08:24 Fehl;
Mi 22.01.2025;;;;;00:00;08:24;08:24 Fehl;
Do 23.01.2025;;;;;00:00;08:24;08:24 Fehl;
Fr 24.01.2025;;;;;00:00;08:24;08:24 Fehl;
Sa 25.01.2025;;;;;00:00;00:00;00:00 ;
So 26.01.2025;;;;;00:00;00:00;00:00 ;
Mo 27.01.2025;;;;;00:00;08:24;08:24 Fehl;
Di 28.01.2025;;;;;00:00;08:24;08:24 Fehl;
Mi 29.01.2025;;;;;00:00;08:24;08:24 Fehl;
Do 30.01.2025;;;;;00:00;08:24;08:24 Fehl;
Fr 31.01.2025;;;;;00:00;08:24;08:24 Fehl;
Sa 01.02.2025;;;;;00:00;00:00;00:00 ;
So 02.02.2025;;;;;00:00;00:00;00:00 ;
Mo 03.02.2025;;;;;00:00;08:24;08:24 Fehl;
Di 04.02.2025;;;;;00:00;08:24;08:24 Fehl;
Mi 05.02.2025;;;;;00:00;08:24;08:24 Fehl;
Do 06.02.2025;;;;;00:00;08:24;08:24 Fehl;
Fr 07.02.2025;;;;;00:00;08:24;08:24 Fehl;
Sa 08.02.2025;;;;;00:00;00:00;00:00 ;
So 09.02.2025;;;;;00:00;00:00;00:00 ;
Mo 10.02.2025;;;;;00:00;08:24;08:24 Fehl;
Di 11.02.2025;;;;;00:00;08:24;08:24 Fehl;
Mi 12.02.2025;;;;;00:00;08:24;08:24 Fehl;
Do 13.02.2025;;;;;00:00;08:24;08:24 Fehl;
Fr 14.02.2025;;;;;00:00;08:24;08:24 Fehl;
Sa 15.02.2025;;;;;00:00;00:00;00:00 ;
So 16.02.2025;;;;;00:00;00:00;00:00 ;
Mo 17.02.2025;;;;;00:00;08:24;08:24 Fehl;
Di 18.02.2025;;;;;00:00;08:24;08:24 Fehl;
Mi 19.02.2025;;;;;00:00;08:24;08:24 Fehl;
Do 20.02.2025;;;;;00:00;08:24;08:24 Fehl;
Fr 21.02.2025;;;;;00:00;08:24;08:24 Fehl;
Sa 22.02.2025;;;;;00:00;00:00;00:00 ;
So 23.02.2025;;;;;00:00;00:00;00:00 ;
Mo 24.02.2025;;;;;00:00;08:24;08:24 Fehl;
Di 25.02.2025;;;;;00:00;08:24;08:24 Fehl;
Mi 26.02.2025;;;;;00:00;08:24;08:24 Fehl;
Do 27.02.2025;;;;;00:00;08:24;08:24 Fehl;
Fr 28.02.2025;;;;;00:00;08:24;08:24 Fehl;
Sa 01.03.2025;;;;;00:00;00:00;00:00 ;
So 02.03.2025;;;;;00:00;00:00;00:00 ;
Mo 03.03.2025;;;;;00:00;08:24;08:24 Fehl;
Di 04.03.2025;;;;;00:00;08:24;08:24 Fehl;
Mi 05.03.2025;;;;;00:00;08:24;08:24 Fehl;
Do 06.03.2025;;;;;00:00;08:24;08:24 Fehl;
Fr 07.03.2025;;;;;00:00;08:24;08:24 Fehl;
Sa 08.03.2025;;;;;00:00;00:00;00:00 ;
So 09.03.2025;;;;;00:00;00:00;00:00 ;
Mo 10.03.2025;;;;;00:00;08:24;08:24 Fehl;
Di 11.03.2025;;;;;00:00;08:24;08:24 Fehl;
Mi 12.03.2025;;;;;00:00;08:24;08:24 Fehl;
Do 13.03.2025;;;;;00:00;08:24;08:24 Fehl;
Fr 14.03.2025;;;;;00:00;08:24;08:24 Fehl;
Sa 15.03.2025;;;;;00:00;00:00;00:00 ;
So 16.03.2025;;;;;00:00;00:00;00:00 ;
Mo 17.03.2025;;;;;00:00;08:24;08:24 Fehl;
Di 18.03.2025;;;;;00:00;08:24;08:24 Fehl;
Mi 19.03.2025;;;;;00:00;08:24;08:24 Fehl;
Do 20.03.2025;;;;;00:00;08:24;08:24 Fehl;
Fr 21.03.2025;;;;;00:00;08:24;08:24 Fehl;
Sa 22.03.2025;;;;;00:00;00:00;00:00 ;
So 23.03.2025;;;;;00:00;00:00;00:00 ;
Mo 24.03.2025;;;;;00:00;08:24;08:24 Fehl;
Di 25.03.2025;;;;;00:00;08:24;08:24 Fehl;
Mi 26.03.2025;;;;;00:00;08:24;08:24 Fehl;
Do 27.03.2025;;;;;00:00;08:24;08:24 Fehl;
Fr 28.03.2025;;;;;00:00;08:24;08:24 Fehl;
Sa 29.03.2025;;;;;00:00;00:00;00:00 ;
So 30.03.2025;;;;;00:00;00:00;00:00 ;
Mo 31.03.2025;;;;;00:00;08:24;08:24 Fehl;
Di 01.04.2025;;;;;00:00;08:24;08:24 Fehl;
Mi 02.04.2025;;;;;00:00;08:24;08:24 Fehl;
Do 03.04.2025;;;;;00:00;08:24;08:24 Fehl;
Fr 04.04.2025;;;;;00:00;08:24;08:24 Fehl;
Sa 05.04.2025;;;;;00:00;00:00;00:00 ;
So 06.04.2025;;;;;00:00;00:00;00:00 ;
Mo 07.04.2025;;;;;00:00;08:24;08:24 Fehl;
Di 08.04.2025;;;;;00:00;08:24;08:24 Fehl;
Mi 09.04.2025;;;;;00:00;08:24;08:24 Fehl;
Do 10.04.2025;;;;;00:00;08:24;08:24 Fehl;
Fr 11.04.2025;;;;;00:00;08:24;08:24 Fehl;
Sa 12.04.2025;;;;;00:00;00:00;00:00 ;
So 13.04.2025;;;;;00:00;00:00;00:00 ;
Mo 14.04.2025;;;;;00:00;08:24;08:24 Fehl;
Di 15.04.2025;;;;;00:00;08:24;08:24 Fehl;
Mi 16.04.2025;;;;;00:00;08:24;08:24 Fehl;
Do 17.04.2025;;;;;00:00;08:24;08:24 Fehl;
Fr 18.04.2025;;;;;00:00;08:24;08:24 Fehl;
Sa 19.04.2025;;;;;00:00;00:00;00:00 ;
So 20.04.2025;;;;;00:00;00:00;00:00 ;
Mo 21.04.2025;;;;;00:00;08:24;08:24 Fehl;
Di 22.04.2025;;;;;00:00;08:24;08:24 Fehl;
Mi 23.04.2025;;;;;00:00;08:24;08:24 Fehl;
Do 24.04.2025;;;;;00:00;08:24;08:24 Fehl;
Fr 25.04.2025;;;;;00:00;08:24;08:24 Fehl;
Sa 26.04.2025;;;;;00:00;00:00;00:00 ;
So 27.04.2025;;;;;00:00;00:00;00:00 ;
Mo 28.04.2025;;;;;00:00;08:24;08:24 Fehl;
Di 29.04.2025;;;;;00:00;08:24;08:24 Fehl;
Mi 30.04.2025;;;;;00:00;08:24;08:24 Fehl;
Do 01.05.2025;;;;;00:00;08:24;08:24 Fehl;
Fr 02.05.2025;;;;;00:00;08:24;08:24 Fehl;
Sa 03.05.2025;;;;;00:00;00:00;00:00 ;
So 04.05.2025;;;;;00:00;00:00;00:00 ;
Mo 05.05.2025;;;;;00:00;08:24;08:24 Fehl;
Di 06.05.2025;;;;;00:00;08:24;08:24 Fehl;
Mi 07.05.2025;;;;;00:00;08:24;08:24 Fehl;
Do 08.05.2025;;;;;00:00;08:24;08:24 Fehl;
Fr 09.05.2025;;;;;00:00;08:24;08:24 Fehl;
Sa 10.05.2025;;;;;00:00;00:00;00:00 ;
So 11.05.2025;;;;;00:00;00:00;00:00 ;
Mo 12.05.2025;;;;;00:00;08:24;08:24 Fehl;
Di 13.05.2025;;;;;00:00;08:24;08:24 Fehl;
Mi 14.05.2025;;;;;00:00;08:24;08:24 Fehl;
Do 15.05.2025;;;;;00:00;08:24;08:24 Fehl;
Fr 16.05.2025;;;;;00:00;08:24;08:24 Fehl;
Sa 17.05.2025;;;;;00:00;00:00;00:00 ;
So 18.05.2025;;;;;00:00;00:00;00:00 ;
Mo 19.05.2025;;;;;00:00;08:24;08:24 Fehl;
Di 20.05.2025;;;;;00:00;08:24;08:24 Fehl;
Mi 21.05.2025;;;;;00:00;08:24;08:24 Fehl;
Do 22.05.2025;;;;;00:00;08:24;08:24 Fehl;
Fr 23.05.2025;;;;;00:00;08:24;08:24 Fehl;
Sa 24.05.2025;;;;;00:00;00:00;00:00 ;
So 25.05.2025;;;;;00:00;00:00;00:00 ;
Mo 26.05.2025;;;;;00:00;08:24;08:24 Fehl;
Di 27.05.2025;;;;;00:00;08:24;08:24 Fehl;
Mi 28.05.2025;;;;;00:00;08:24;08:24 Fehl;
Do 29.05.2025;;;;;00:00;08:24;08:24 Fehl;
Fr 30.05.2025;;;;;00:00;08:24;08:24 Fehl;
Sa 31.05.2025;;;;;00:00;00:00;00:00 ;
So 01.06.2025;;;;;00:00;00:00;00:00 ;
Mo 02.06.2025;;;;;00:00;08:24;08:24 Fehl;
Di 03.06.2025;;;;;00:00;08:24;08:24 Fehl;
Mi 04.06.2025;;;;;00:00;08:24;08:24 Fehl;
Do 05.06.2025;;;;;00:00;08:24;08:24 Fehl;
Fr 06.06.2025;;;;;00:00;08:24;08:24 Fehl;
Sa 07.06.2025;;;;;00:00;00:00;00:00 ;
So 08.06.2025;;;;;00:00;00:00;00:00 ;
Mo 09.06.2025;;;;;00:00;08:24;08:24 Fehl;
Di 10.06.2025;;;;;00:00;08:24;08:24 Fehl;
Mi 11.06.2025;;;;;00:00;08:24;08:24 Fehl;
Do 12.06.2025;;;;;00:00;08:24;08:24 Fehl;
Fr 13.06.2025;;;;;00:00;08:24;08:24 Fehl;
Sa 14.06.2025;;;;;00:00;00:00;00:00 ;
So 15.06.2025;;;;;00:00;00:00;00:00 ;
Mo 16.06.2025;;;;;00:00;08:24;08:24 Fehl;
Di 17.06.2025;;;;;00:00;08:24;08:24 Fehl;
Mi 18.06.2025;;;;;00:00;08:24;08:24 Fehl;
Do 19.06.2025;;;;;00:00;00:00;00:00 ;Fronleichnam (bezahlt)
Fr 20.06.2025;;;;;00:00;08:24;08:24 Fehl;
Sa 21.06.2025;;;;;00:00;00:00;00:00 ;
So 22.06.2025;;;;;00:00;00:00;00:00 ;
Mo 23.06.2025;;;;;00:00;08:24;08:24 Fehl;
Di 24.06.2025;;;;;00:00;08:24;08:24 Fehl;
Mi 25.06.2025;;;;;00:00;08:24;08:24 Fehl;
Do 26.06.2025;;;;;00:00;08:24;08:24 Fehl;
Fr 27.06.2025;;;;;00:00;08:24;08:24 Fehl;
Sa 28.06.2025;;;;;00:00;00:00;00:00 ;
So 29.06.2025;;;;;00:00;00:00;00:00 ;
Mo 30.06.2025;;;;;00:00;08:24;08:24 Fehl;
Di 01.07.2025;;;;;00:00;08:24;08:24 Fehl;
Mi 02.07.2025;;;;;00:00;08:24;08:24 Fehl;
Do 03.07.2025;;;;;00:00;08:24;08:24 Fehl;
Fr 04.07.2025;;;;;00:00;08:24;08:24 Fehl;
Sa 05.07.2025;;;;;00:00;00:00;00:00 ;
So 06.07.2025;;;;;00:00;00:00;00:00 ;
Mo 07.07.2025;;;;;00:00;08:24;08:24 Fehl;
Di 08.07.2025;;;;;00:00;08:24;08:24 Fehl;
Mi 09.07.2025;;;;;00:00;08:24;08:24 Fehl;
Do 10.07.2025;;;;;00:00;08:24;08:24 Fehl;
Fr 11.07.2025;;;;;00:00;08:24;08:24 Fehl;
Sa 12.07.2025;;;;;00:00;00:00;00:00 ;
So 13.07.2025;;;;;00:00;00:00;00:00 ;
Mo 14.07.2025;;;;;00:00;08:24;08:24 Fehl;
Di 15.07.2025;;;;;00:00;08:24;08:24 Fehl;
Mi 16.07.2025;;;;;00:00;08:24;08:24 Fehl;
Do 17.07.2025;;;;;00:00;08:24;08:24 Fehl;
Fr 18.07.2025;;;;;00:00;08:24;08:24 Fehl;
Sa 19.07.2025;;;;;00:00;00:00;00:00 ;
So 20.07.2025;;;;;00:00;00:00;00:00 ;
Mo 21.07.2025;;;;;00:00;08:24;08:24 Fehl;
Di 22.07.2025;;;;;00:00;08:24;08:24 Fehl;
Mi 23.07.2025;;;;;00:00;08:24;08:24 Fehl;
Do 24.07.2025;;;;;00:00;08:24;08:24 Fehl;
Fr 25.07.2025;;;;;00:00;08:24;08:24 Fehl;
Sa 26.07.2025;;;;;00:00;00:00;00:00 ;
So 27.07.2025;;;;;00:00;00:00;00:00 ;
Mo 28.07.2025;;;;;00:00;08:24;08:24 Fehl;
Di 29.07.2025;;;;;00:00;08:24;08:24 Fehl;
Mi 30.07.2025;;;;;00:00;08:24;08:24 Fehl;
Do 31.07.2025;;;;;00:00;08:24;08:24 Fehl;
Fr 01.08.2025;;;;;00:00;08:24;08:24 Fehl;
Sa 02.08.2025;;;;;00:00;00:00;00:00 ;
So 03.08.2025;;;;;00:00;00:00;00:00 ;
Mo 04.08.2025;;;;;00:00;08:24;08:24 Fehl;
Di 05.08.2025;;;;;00:00;08:24;08:24 Fehl;
Mi 06.08.2025;;;;;00:00;08:24;08:24 Fehl;
Do 07.08.2025;;;;;00:00;08:24;08:24 Fehl;
Fr 08.08.2025;;;;;00:00;08:24;08:24 Fehl;
Sa 09.08.2025;;;;;00:00;00:00;00:00 ;
So 10.08.2025;;;;;00:00;00:00;00:00 ;
Mo 11.08.2025;;;;;00:00;08:24;08:24 Fehl;
Di 12.08.2025;;;;;00:00;08:24;08:24 Fehl;
Mi 13.08.2025;;;;;00:00;08:24;08:24 Fehl;
Do 14.08.2025;;;;;00:00;08:24;08:24 Fehl;
Fr 15.08.2025;;;;;00:00;00:00;00:00 ;Mariä Himmelfahrt (bezahlt)
Sa 16.08.2025;;;;;00:00;00:00;00:00 ;
So 17.08.2025;;;;;00:00;00:00;00:00 ;
Mo 18.08.2025;;;;;00:00;08:24;08:24 Fehl;
Di 19.08.2025;;;;;00:00;08:24;08:24 Fehl;
Mi 20.08.2025;;;;;00:00;08:24;08:24 Fehl;
Do 21.08.2025;;;;;00:00;08:24;08:24 Fehl;
Fr 22.08.2025;;;;;00:00;08:24;08:24 Fehl;
Sa 23.08.2025;;;;;00:00;00:00;00:00 ;
So 24.08.2025;;;;;00:00;00:00;00:00 ;
Mo 25.08.2025;;;;;00:00;08:24;08:24 Fehl;
Di 26.08.2025;;;;;00:00;08:24;08:24 Fehl;
Mi 27.08.2025;;;;;00:00;08:24;08:24 Fehl;
Do 28.08.2025;;;;;00:00;08:24;08:24 Fehl;
Fr 29.08.2025;;;;;00:00;08:24;08:24 Fehl;
Sa 30.08.2025;;;;;00:00;00:00;00:00 ;
So 31.08.2025;;;;;00:00;00:00;00:00 ;
Mo 01.09.2025;;;;;00:00;08:24;08:24 Fehl;
Di 02.09.2025;;;;;00:00;08:24;08:24 Fehl;
Mi 03.09.2025;;;;;00:00;08:24;08:24 Fehl;
Do 04.09.2025;;;;;00:00;08:24;08:24 Fehl;
Fr 05.09.2025;;;;;00:00;08:24;08:24 Fehl;
Sa 06.09.2025;;;;;00:00;00:00;00:00 ;
So 07.09.2025;;;;;00:00;00:00;00:00 ;
Mo 08.09.2025;;;;;00:00;08:24;08:24 Fehl;
Di 09.09.2025;;;;;00:00;08:24;08:24 Fehl;
Mi 10.09.2025;;;;;00:00;08:24;08:24 Fehl;
Do 11.09.2025;;;;;00:00;08:24;08:24 Fehl;
Fr 12.09.2025;;;;;00:00;08:24;08:24 Fehl;
Sa 13.09.2025;;;;;00:00;00:00;00:00 ;
So 14.09.2025;;;;;00:00;00:00;00:00 ;
Mo 15.09.2025;;;;;00:00;08:24;08:24 Fehl;
Di 16.09.2025;;;;;00:00;08:24;08:24 Fehl;
Mi 17.09.2025;;;;;00:00;08:24;08:24 Fehl;
Do 18.09.2025;;;;;00:00;08:24;08:24 Fehl;
Fr 19.09.2025;;;;;00:00;08:24;08:24 Fehl;
Sa 20.09.2025;;;;;00:00;00:00;00:00 ;
So 21.09.2025;;;;;00:00;00:00;00:00 ;
Mo 22.09.2025;;;;;00:00;08:24;08:24 Fehl;
Di 23.09.2025;;;;;00:00;08:24;08:24 Fehl;
Mi 24.09.2025;;;;;00:00;08:24;08:24 Fehl;
Do 25.09.2025;;;;;00:00;08:24;08:24 Fehl;
Fr 26.09.2025;;;;;00:00;08:24;08:24 Fehl;
Sa 27.09.2025;;;;;00:00;00:00;00:00 ;
So 28.09.2025;;;;;00:00;00:00;00:00 ;
Mo 29.09.2025;;;;;00:00;08:24;08:24 Fehl;
Di 30.09.2025;;;;;00:00;08:24;08:24 Fehl;
Mi 01.10.2025;;;;;00:00;08:24;08:24 Fehl;
Do 02.10.2025;;;;;00:00;08:24;08:24 Fehl;
Fr 03.10.2025;;;;;00:00;08:24;08:24 Fehl;
Sa 04.10.2025;;;;;00:00;00:00;00:00 ;
So 05.10.2025;;;;;00:00;00:00;00:00 ;
Mo 06.10.2025;;;;;00:00;08:24;08:24 Fehl;
Di 07.10.2025;;;;;00:00;08:24;08:24 Fehl;
Mi 08.10.2025;;;;;00:00;08:24;08:24 Fehl;
Do 09.10.2025;;;;;00:00;08:24;08:24 Fehl;
Fr 10.10.2025;;;;;00:00;08:24;08:24 Fehl;
Sa 11.10.2025;;;;;00:00;00:00;00:00 ;
So 12.10.2025;;;;;00:00;00:00;00:00 ;
Mo 13.10.2025;;;;;00:00;08:24;08:24 Fehl;
Di 14.10.2025;;;;;00:00;08:24;08:24 Fehl;
Mi 15.10.2025;;;;;00:00;08:24;08:24 Fehl;
Do 16.10.2025;;;;;00:00;08:24;08:24 Fehl;
Fr 17.10.2025;;;;;00:00;08:24;08:24 Fehl;
Sa 18.10.2025;;;;;00:00;00:00;00:00 ;
So 19.10.2025;;;;;00:00;00:00;00:00 ;
Mo 20.10.2025;;;;;00:00;08:24;08:24 Fehl;
Di 21.10.2025;;;;;00:00;08:24;08:24 Fehl;
Mi 22.10.2025;;;;;00:00;08:24;08:24 Fehl;
Do 23.10.2025;;;;;00:00;08:24;08:24 Fehl;
Fr 24.10.2025;;;;;00:00;08:24;08:24 Fehl;
Sa 25.10.2025;;;;;00:00;00:00;00:00 ;
So 26.10.2025;;;;;00:00;00:00;00:00 ;
Mo 27.10.2025;;;;;00:00;08:24;08:24 Fehl;
Di 28.10.2025;;;;;00:00;08:24;08:24 Fehl;
Mi 29.10.2025;;;;;00:00;08:24;08:24 Fehl;
Do 30.10.2025;;;;;00:00;08:24;08:24 Fehl;
Fr 31.10.2025;;;;;00:00;08:24;08:24 Fehl;
Sa 01.11.2025;;;;;00:00;00:00;00:00 ;Allerheiligen (bezahlt)
So 02.11.2025;;;;;00:00;00:00;00:00 ;
Mo 03.11.2025;;;;;00:00;08:24;08:24 Fehl;
Di 04.11.2025;;;;;00:00;08:24;08:24 Fehl;
Mi 05.11.2025;;;;;00:00;08:24;08:24 Fehl;
Do 06.11.2025;;;;;00:00;08:24;08:24 Fehl;
Fr 07.11.2025;;;;;00:00;08:24;08:24 Fehl;
Sa 08.11.2025;;;;;00:00;00:00;00:00 ;
So 09.11.2025;;;;;00:00;00:00;00:00 ;
Mo 10.11.2025;;;;;00:00;08:24;08:24 Fehl;
Di 11.11.2025;;;;;00:00;08:24;08:24 Fehl;
Mi 12.11.2025;;;;;00:00;08:24;08:24 Fehl;
Do 13.11.2025;;;;;00:00;08:24;08:24 Fehl;
Fr 14.11.2025;;;;;00:00;08:24;08:24 Fehl;
Sa 15.11.2025;;;;;00:00;00:00;00:00 ;
So 16.11.2025;;;;;00:00;00:00;00:00 ;
Mo 17.11.2025;07:02;12:30;13:00;17:30;09:28;08:24;01:04 Über;
Di 18.11.2025;07:45;12:02;12:32;16:45;08:00;08:24;00:24 Fehl;
Mi 19.11.2025;;;;;00:00;08:24;08:24 Fehl;
Do 20.11.2025;;;;;00:00;08:24;08:24 Fehl;
Fr 21.11.2025;;;;;00:00;08:24;08:24 Fehl;
Sa 22.11.2025;;;;;00:00;00:00;00:00 ;
So 23.11.2025;;;;;00:00;00:00;00:00 ;
Mo 24.11.2025;;;;;00:00;08:24;08:24 Fehl;
Di 25.11.2025;;;;;00:00;08:24;08:24 Fehl;
Mi 26.11.2025;;;;;00:00;08:24;08:24 Fehl;
Do 27.11.2025;;;;;00:00;08:24;08:24 Fehl;
Fr 28.11.2025;;;;;00:00;08:24;08:24 Fehl;
Sa 29.11.2025;;;;;00:00;00:00;00:00 ;
So 30.11.2025;;;;;00:00;00:00;00:00 ;
Mo 01.12.2025;;;;;00:00;08:24;08:24 Fehl;
Di 02.12.2025;;;;;00:00;08:24;08:24 Fehl;
Mi 03.12.2025;;;;;00:00;08:24;08:24 Fehl;
Do 04.12.2025;;;;;00:00;08:24;08:24 Fehl;
Fr 05.12.2025;;;;;00:00;08:24;08:24 Fehl;
Sa 06.12.2025;;;;;00:00;00:00;00:00 ;
So 07.12.2025;;;;;00:00;00:00;00:00 ;
Mo 08.12.2025;;;;;00:00;00:00;00:00 ;Mariä Empfängnis (bezahlt)
Di 09.12.2025;;;;;00:00;08:24;08:24 Fehl;
Mi 10.12.2025;;;;;00:00;08:24;08:24 Fehl;
Do 11.12.2025;;;;;00:00;08:24;08:24 Fehl;
Fr 12.12.2025;;;;;00:00;08:24;08:24 Fehl;
Sa 13.12.2025;;;;;00:00;00:00;00:00 ;
So 14.12.2025;;;;;00:00;00:00;00:00 ;
Mo 15.12.2025;;;;;00:00;08:24;08:24 Fehl;
Di 16.12.2025;;;;;00:00;08:24;08:24 Fehl;
Mi 17.12.2025;;;;;00:00;08:24;08:24 Fehl;
Do 18.12.2025;;;;;00:00;08:24;08:24 Fehl;
Fr 19.12.2025;;;;;00:00;08:24;08:24 Fehl;
Sa 20.12.2025;;;;;00:00;00:00;00:00 ;
So 21.12.2025;;;;;00:00;00:00;00:00 ;
Mo 22.12.2025;;;;;00:00;08:24;08:24 Fehl;
Di 23.12.2025;;;;;00:00;08:24;08:24 Fehl;
Mi 24.12.2025;;;;;00:00;08:24;08:24 Fehl;
Do 25.12.2025;;;;;00:00;08:24;08:24 Fehl;
Fr 26.12.2025;;;;;00:00;08:24;08:24 Fehl;
Sa 27.12.2025;;;;;00:00;00:00;00:00 ;
So 28.12.2025;;;;;00:00;00:00;00:00 ;
Mo 29.12.2025;;;;;00:00;08:24;08:24 Fehl;
Di 30.12.2025;;;;;00:00;08:24;08:24 Fehl;
Mi 31.12.2025;;;;;00:00;08:24;08:24 Fehl;
;;;Arbeitszeit;;17:28;2158:48;-2141:20;
;;;Industriezeit;;17.47;2158.80;-2141.33;
